{
  "neutralColorInk100": "#181a28",
  "neutralColorInk80": "#515367",
  "neutralColorInk60": "#a0a4bd",
  "neutralColorInk40": "#b9bdd2",
  "neutralColorInk20": "#d4d8e8",
  "neutralColorInk10": "#e2e5f3",
  "neutralColorInk5": "#f1f3fe",
  "mainColorPrimary100": "#141ed2",
  "mainColorPrimary80": "#434bdb",
  "mainColorPrimary60": "#7278e4",
  "mainColorPrimary40": "#a1a5ed",
  "mainColorPrimary20": "#d0d2f6",
  "mainColorPrimary10": "#e7e8fb",
  "mainColorPrimary5": "#f3f4fd",
  "mainColorSecondary100": "#eb2d4b",
  "mainColorSecondary80": "#ef576f",
  "mainColorSecondary60": "#f38193",
  "mainColorSecondary40": "#f7abb7",
  "mainColorSecondary20": "#fbd5db",
  "mainColorSecondary10": "#fdeaed",
  "mainColorSecondary5": "#fef4f6",
  "alertColorRed100": "#ff0000",
  "alertColorRed80": "#ff3333",
  "alertColorRed60": "#ff6666",
  "alertColorRed40": "#ff9999",
  "alertColorRed20": "#ffcccc",
  "alertColorRed10": "#ffe5e5",
  "alertColorRed5": "#fff2f2",
  "alertColorGreen100": "#19ab30",
  "alertColorGreen80": "#47bc59",
  "alertColorGreen60": "#75cd83",
  "alertColorGreen40": "#a3ddac",
  "alertColorGreen20": "#d1eed6",
  "alertColorGreen10": "#e8f7ea",
  "alertColorGreen5": "#f3fbf5",
  "alertColorYellow100": "#f5c20d",
  "alertColorYellow80": "#f7ce3e",
  "alertColorYellow60": "#f9db6e",
  "alertColorYellow40": "#fbe79e",
  "alertColorYellow20": "#fdf3cf",
  "alertColorYellow10": "#fef9e7",
  "alertColorYellow5": "#fffcf3",
  "supportColorBlue100": "#a0d2ff",
  "supportColorBlue80": "#b3dbff",
  "supportColorBlue60": "#c6e4ff",
  "supportColorBlue40": "#d9edff",
  "supportColorBlue20": "#ecf6ff",
  "supportColorBlue10": "#f5fbff",
  "supportColorBlue5": "#f7fbff",
  "supportColorPurple100": "#b4a5fa",
  "supportColorPurple80": "#c3b7fb",
  "supportColorPurple60": "#d2c9fc",
  "supportColorPurple40": "#e1dbfd",
  "supportColorPurple20": "#f0edfe",
  "supportColorPurple10": "#f7f6ff",
  "supportColorPurple5": "#fbfaff",
  "supportColorMint100": "#9be6c8",
  "supportColorMint80": "#afebd3",
  "supportColorMint60": "#c3f0de",
  "supportColorMint40": "#d7f5e9",
  "supportColorMint20": "#ebfaf4",
  "supportColorMint10": "#f5fcf9",
  "supportColorMint5": "#f7fdfb",
  "background100": "#f7f7f7",
  "background80": "#ffffff",
  "homeBackgroundPath": ""
}